{"cameraMode":{"drawMode":0,"name":"Shaded","section":"Shading Mode"},"sceneLighting":false,"audioPlay":false,"sceneViewState":{"m_AlwaysRefresh":false,"showFog":true,"showSkybox":false,"showFlares":true,"showImageEffects":true,"showParticleSystems":true,"showVisualEffectGraphs":true,"m_FxEnabled":true},"in2DMode":false,"pivot":{"x":0.008253815583884716,"y":0.9247579574584961,"z":0.3584107458591461},"rotation":{"x":0.695763111114502,"y":0.03120717965066433,"z":-0.03028474934399128,"w":0.716955304145813},"size":1.5834566354751588,"orthographic":false}